{
    "precision": 0.2727272727272727,
    "recall": 1.0,
    "f1": 0.42857142857142855,
    "auc": 0.0,
    "threshold": 0.6
}