{
    "precision": 0.0,
    "recall": 0.0,
    "f1": 0.0,
    "auc": 0.7233333333333333,
    "threshold": 1.4529545307159424
}