{
    "precision": 0.11547344110854503,
    "recall": 0.3333333333333333,
    "f1": 0.17152658662092624,
    "auc": 0.0,
    "threshold": 0.6
}